Category,Precision,Recall,F1 Score,Meets Target (F1 ≥ 0.90)
groceries,0.8913043478260869,0.9111111111111111,0.9010989010989011,Yes
utilities,1.0,0.9166666666666666,0.9565217391304348,Yes
transportation,0.9259259259259259,0.8928571428571429,0.9090909090909091,Yes
dining,0.9411764705882353,0.9142857142857143,0.927536231884058,Yes
travel,0.8,0.8888888888888888,0.8421052631578947,No
reimbursement,1.0,0.75,0.8571428571428571,No
home,0.7647058823529411,0.8666666666666667,0.8125,No
